Objective;Wavelength;Zoom;ETL-Left-Offset;ETL-Left-Amp;ETL-Right-Offset;ETL-Right-Amp
1x;488 nm;2x;3.437;0.39;2.795;0.75
1x;488 nm;5x;3.5279999999999996;0.15;2.6660000000000004;0.31
1x;488 nm;10x;3.533;0.08;2.6510000000000002;0.16
1x;647 nm;2x;3.437;0.39;3.5250000000000004;0.77
1x;647nm;5x;3.5279999999999996;0.15;3.296;0.15
1x;647 nm;10x;3.533;0.08;3.411;0.17
