Objective;Wavelength;Zoom;ETL-Left-Offset;ETL-Left-Amp;ETL-Right-Offset;ETL-Right-Amp
1x;488 nm;2x;3.437;0.39;3.6650000000000005;0.53
1x;488 nm;5x;3.5279999999999996;0.15;3.8150000000000004;0.26
1x;488 nm;10x;3.533;0.08;2.6510000000000002;0.16
1x;647 nm;2x;3.437;0.39;3.6550000000000002;0.55
1x;647nm;5x;3.5279999999999996;0.15;3.296;0.15
1x;647 nm;10x;3.533;0.08;3.411;0.17
